frame,x,y,vx,vy,ax,ay,V
7,810.9937651057802,137.99893906855448,222.63460521587723,37.88357030800377,30.55971052869904,5.20004938712758,225.83474564138922
8,811.9086677484092,138.15461917297222,-11.164906805185467,-1.8998238460118557,-26.51007284293188,-4.5109618401043186,11.325390704710898
9,795.7914586930831,151.4586316250429,-31.3605732614358,6.8673973647201,-25.103153385362347,-1.5524360577291882,32.10368673300383
10,780.3972430850639,167.37945876713042,-37.74014837060692,11.768660859481848,-20.19908324001677,0.1379136625828774,39.53252050478092
11,723.8891129509747,596.8175327302035,-63.40482860053279,275.2106706465438,-21.742872273093266,74.5096568978723,282.4200515678434
12,732.4110050374221,407.411634979947,-34.8292518925259,44.7209018799071,-7.800211640256263,-10.00215877529574,56.68364713341316
13,743.0348503471384,286.84261478425844,-14.193828540867102,-57.63422985005191,-0.30212845789222076,-34.35435887737076,59.35629047587246
14,744.8235592410687,235.5420592981602,-5.687923449556013,-79.15299297018808,1.9297609480722446,-31.101915522133364,79.35709652769972
15,742.0546434698667,229.23557642430654,-2.7331192429094378,-63.8857528395831,2.1851630695704936,-19.548470702386652,63.94418938946886
16,742.1221836436981,232.47817756448438,0.3289405654319215,-43.95380493825629,2.4040064668034216,-9.695510200417687,43.95503578028199
17,728.2146128169503,280.4880313740968,-5.136843017567788,-4.29965165831954,0.4228726451190956,2.727729402030887,6.698817848697255
18,712.712968861746,336.27806049027515,-10.104751394639079,28.361030930477106,-0.9440873513331576,10.31793746530727,30.10737577715699
19,687.1376144211661,423.08736746302657,-18.703053074009706,65.87409890604414,-2.8916082538880996,17.23740468252853,68.47774164626422
20,674.7730750533539,468.04030121831073,-17.62095981742905,68.03213265482823,-1.8798156202973297,13.397862031992206,70.27708942786117
21,662.5542056164161,517.0015171677582,-16.265205432233245,68.28269570832596,-1.0561092504742062,10.050843146241217,70.19318657069634
22,648.5066694559868,566.7911275778442,-15.921520741662757,66.34359935029785,-0.6997827706510396,6.998727537239164,68.2273258854547
23,623.6655649243964,663.418089674154,-20.988194297686597,86.99075121919657,-1.8115919939979157,10.47361271341963,89.48684315337978
24,612.9241469115307,705.3828591708708,-17.117629239048256,71.85582730516033,-0.36454488519951567,3.9520121057550934,73.86659020473698
25,599.103783770151,716.2910131946114,-15.709376600203035,43.74871960618965,0.0870093094078892,-4.213855584660262,46.483706611543035
26,580.565497982388,712.021939937843,-17.085877382542925,16.14303469557891,-0.2857956592641665,-10.172536873033591,23.5058455519889
27,560.5298218430406,704.9050412812612,-18.801806936814373,-3.2891001706581307,-0.6501035032465294,-12.531297960246468,19.087328886511713
28,552.7923946731024,695.1235705371445,-13.649027473124987,-15.93591213790884,0.828094411745653,-12.560723431219946,20.982117305678923
29,526.2520591264042,705.975977228307,-19.59983619314054,-11.648578722886963,-0.8987249077900932,-8.26894502795367,22.800065023180018
30,498.3048937202804,723.723633737958,-24.522421736460977,-2.834279531381597,-1.9237448340352108,-3.9172372239508277,24.685670099935763
31,486.5282971622451,733.8615879204702,-19.462389230179667,0.8554316339930672,-0.1447172048861569,-1.9794647694945986,19.48117957998051
32,451.4645276284538,771.4423500683191,-27.518809662237167,18.090981859641087,-2.160131891046658,2.9153375637130363,32.932787763447855
33,441.0746519560537,778.0525053552919,-20.40184042639724,14.414429135047477,0.2031070249549547,1.236126412916038,24.980209368087415
34,433.86471717955567,783.3217476305009,-13.529474974684135,10.676385480295671,1.9020274252751481,-0.030988828670240665,17.234613428054384
35,500.0613099076749,708.561394222774,28.50676229903423,-32.874905494408466,12.1257751377101,-11.117306241924386,43.51315787253239
36,584.0581930007264,607.2651864355176,65.8146451988878,-76.0193737352443,18.540639172884774,-19.275872299861163,100.55104527429954
37,628.6313791669078,555.516866680738,68.81019708019844,-78.01935339948875,14.580699256842186,-14.875028769691621,104.02818236944287
38,684.1945375941182,490.0848413400779,72.92754494537597,-82.6921617027857,11.915275159267559,-12.276124913556174,110.25615819009607
39,738.4339440214645,426.97843560198737,72.28633468715202,-81.86256214609278,8.716647701207993,-8.937584808224964,109.20985882064797
40,786.5502587718976,374.5306885916993,66.46841314408107,-73.53718757236653,5.014124805845803,-4.540034300937618,99.12501148522338
41,848.7133185772186,311.1995390264351,68.01176063809122,-71.72094374465735,4.129982156253878,-2.920841802749737,98.84074745122741
42,871.0320119230817,289.7836311866966,47.810053484780525,-48.26841412156494,-2.068250175241028,3.7974867679640436,67.93850908011203
43,891.396419451864,274.85958567400525,32.2857095547629,-28.450067240606607,-5.49604321390499,7.878626047276584,43.0322363751821
44,901.5602970422975,265.6562280653189,16.919132654686855,-12.772656592752082,-8.010453962614275,9.865281323478616,21.199004840399095
45,938.7614703212255,245.63807302733034,21.282511614824354,-9.111871430271169,-4.858355034540608,8.284753622772538,23.15105832563439
46,953.9808174795554,239.58864904829147,14.572719524216229,-1.3773182536651145,-5.32998842538504,8.14459606180161,14.637662378376952
47,982.7882755929253,227.2141096232691,17.852776232477716,-0.9103134292599302,-3.1366733602711183,6.188813454000528,17.875969616958187
48,1006.7922355634911,219.43225146597075,18.649030095959176,0.2010652017703558,-2.1348030567447607,4.895392325711551,18.650113960385177
49,1033.1929067991096,213.61478209549784,21.00733685758171,0.7830976910081313,-0.9902323487679041,3.7966109646128112,21.02192769090345
50,1043.54052977989,211.57398303878722,14.838463760737895,2.173849653129648,-2.309434582138245,3.1837446308282433,14.996853973188632
51,1054.4902603237877,211.23655137088411,11.136107718191283,3.267127033315297,-2.664266127913193,2.6512209049607764,11.605473457079597
52,1064.1038016189764,211.4092690969147,8.37481994893521,3.666444311679081,-2.688981332577757,2.0775730234584953,9.142232936636818
53,1080.1083325622028,214.74596336761027,10.257998553136783,5.046777821809454,-1.524273469030524,1.8999588640288174,11.432257025577412
54,1086.6242896547424,216.3787291422419,7.215528645081948,4.7233782456665185,-1.9110174489988005,1.3335825572837627,8.624045203941932
55,1094.9008318707647,219.97682527867687,6.331885306856437,5.143938513303137,-1.6493051024899157,1.1010000896774736,8.157994543258026
56,1096.260667604091,221.353520276959,2.569571914109108,4.045142468642304,-2.1875709124175273,0.5406260232884632,4.792272677278693
57,1096.612594546537,222.6471435377458,-0.1905808997894579,3.0462109098621384,-2.3334299051963905,0.14844052517063855,3.0521667691539522
58,1095.7372807212396,223.3291429768709,-2.2784514786158367,1.9523236713840018,-2.2708763457505987,-0.16802891935562542,3.0004847705417537
59,1094.0557331346695,223.77522766451594,-3.6667373405014514,1.0597023887337866,-2.0460460486690177,-0.3526109189135186,3.8167960224402546
60,1118.2537949778712,220.9962765747677,9.004931718418977,-1.1587949365929346,1.7031313110485486,-0.8279251249292185,9.079185038232318
61,1133.2166313034577,215.91333492869074,13.309631309411657,-3.7750822952336147,2.365852448374049,-1.2834908937049214,13.834649685780171
62,1144.0141148696896,209.2335144829695,13.792924194743998,-6.211518594888833,1.886290937603743,-1.5771911577326145,15.127052624242573
63,1147.9092099948534,205.96563145549254,10.155975145771311,-5.887219417662485,0.4793058071945515,-1.092807239343007,11.73896007460741
64,1150.3409594569966,203.0709758484697,6.577858577748697,-5.176999968484332,-0.554278278160129,-0.6335058606874322,8.370755768898581
65,1152.3430831603687,201.08692684655065,3.8335395641132015,-4.022388272414146,-1.1121672631206372,-0.17800242069637617,5.556584652794925
66,1156.5133472014325,198.28580041489215,3.1762385519745386,-3.5328402573849265,-0.9962950480779951,-0.00795122988320901,4.750731693460378
67,1160.3619669520576,198.14752172057243,2.776302348177908,-1.809310948229153,-0.8443791385156165,0.4331245477295758,3.3138287276019627
68,1161.6054067928712,198.78457640215814,1.3660595816243286,-0.2401502430326241,-0.9885267244296748,0.722517365178797,1.3870079018434842
69,1167.346071796349,203.49723365991417,2.8581152681519937,2.8216610613762816,-0.35662541732465824,1.318426975507712,4.016291079009422
70,1171.950773769234,210.22835306050942,3.482184102304228,5.796016871160898,-0.10680425571307581,1.7402567805689457,6.761613542130463
71,1178.369977636608,219.5516415355501,4.898934552605709,8.890030142479208,0.2813046843180853,2.08511147768674,10.15047760870901
72,1181.2028424383577,223.9931062162899,4.0559624793090965,8.177535180006426,-0.005092554308764985,1.3724517577381679,9.128138542649642
73,1182.5015432247515,226.4773526527318,2.647402526188987,6.299763433131741,-0.3626105629307406,0.5444927784774569,6.833429552508436
74,1186.2830145108494,241.4312123218667,2.954946337009398,11.114625823787765,-0.19189604731339174,1.6323228492856119,11.50072237111283
75,1190.3445304218733,255.71656885583317,3.375706767810782,13.946550349379095,-0.035828493332117434,1.9379082891865607,14.34927394783477
76,1191.953338377409,261.80918785876474,2.4488087996384627,11.389390988646333,-0.2628187208632396,0.7928388446228203,11.649673455914765
77,1195.389942638691,280.3292738596957,2.7562005155368525,15.613196310264543,-0.11756383284863872,1.6668401242699538,15.854606280343386
78,1196.0891740236036,285.91827857391286,1.6206038957780768,11.748320198429873,-0.37689657901449214,0.25769576176536946,11.859569320672923
79,1203.0088542251676,323.16923067199514,4.039481365002905,24.93340528363487,0.33529635908301914,3.55080715965855,25.258505671084286
80,1206.4289805542924,341.5431762131405,3.9738167575622687,24.237781440114375,0.23315592717267347,2.469075188333103,24.561377582730078
81,1208.8887972266152,361.1805294155983,3.3762287466675946,23.734068851064855,0.021532972008796197,1.7117899338799263,23.973004500414874
82,1210.8028649188884,382.682957357304,2.647337274854187,23.87282662334522,-0.16962946824724032,1.311077151816226,24.01916413273228
83,1214.4233335912106,392.18860108513576,3.016708277179119,17.530154968321895,-0.03232497863210643,-0.6386318576211396,17.787829042437465
84,1220.3856143401167,381.9578767245104,4.493322638691328,2.9106453096206746,0.35206085639096346,-4.200107952087397,5.353672053253994
85,1223.0777459734613,372.5628753741525,3.838032315962132,-6.4889894376849835,0.09544913327786358,-5.524630678569993,7.539063335770361
86,1225.6926939031002,362.4627021312186,3.286032015663101,-12.446100078084438,-0.06948154653121769,-5.634800230675821,12.872583795091659
87,1228.3330235822598,352.89521248146787,2.905278883317577,-15.178907218806035,-0.14877458717839454,-4.895549150505462,15.454444983465857
88,1230.41061154603,347.3918229103263,2.3727125351500624,-13.897903501534813,-0.24654135128745935,-3.3221396909725085,14.098988847163184
89,1230.9384263283584,346.1797669358136,1.249039752461214,-9.910601828600434,-0.46998101431059836,-1.460139246376239,9.989000395849759
90,1234.5720950269488,344.8984131290656,2.1136976917577277,-6.602372947082297,-0.1299963012156896,-0.24544948663892985,6.932463232106328
91,1238.807867789561,347.1221562697727,3.097967476822128,-2.2885832862743385,0.15385082810078565,0.9159669468365412,3.8516251045061374
92,1240.699487770238,349.6333632888598,2.5980187570884667,0.8394395069499643,-0.012697474038393747,1.4794640411266948,2.7302674132787614
93,1243.749931264221,353.66383996702507,2.8190563579667725,3.567790036965722,0.04684398634757681,1.7976042493571593,4.547109466162515
94,1244.267347399224,354.8099383175462,1.6813318760482379,3.6736751398720324,-0.25491190781111095,1.3666572527265113,4.040144293305585
95,1244.6424998502036,355.82281847365624,0.8258860784109862,3.3365743791380096,-0.40789136467807563,0.932643486064003,3.437268741607684
96,1244.4460752612229,356.6318816589023,0.001055609867932683,2.743925306696614,-0.5141020527615224,0.5440918470700205,2.7439255097473585
97,1244.0670572742617,357.2869069417994,-0.5757237582903549,2.0851667074077618,-0.5300684150763162,0.23767881844071365,2.1631870107648337
98,1243.7270501796227,357.8787561899378,-0.8506705304486033,1.501486777227982,-0.46507895981024827,0.02844663790004545,1.7257180805578238
99,1242.8743522360994,357.8447312375688,-1.1983086217835783,0.7403772217779455,-0.4351621797954963,-0.1726841886376744,1.4085815502016517
100,1241.8089538263325,357.5287419470876,-1.454903130672151,0.073486757297412,-0.38967401372838456,-0.2985778458308991,1.4567578464308042
101,1240.7033833947412,357.1597902565442,-1.567334552536017,-0.3744443752126905,-0.3190494880482396,-0.33662396623235596,1.6114422700493178
102,1239.6389332895692,356.8648953919363,-1.5489010107702974,-0.584788318518647,-0.23307936799772289,-0.30445550805254995,1.6556182285300907
103,1238.6378638213466,356.04511387625513,-1.443497734850713,-0.9314110139783843,-0.1468546071597378,-0.31519713901866675,1.717909248906758
104,1237.6898805908809,355.6317294932167,-1.3004889046728558,-0.9023918549283643,-0.07301505878331827,-0.22751179233731653,1.582903171712742
105,1231.5939855447132,297.90944283679505,-3.7980589712518755,-30.020444140394783,-0.6906439961677616,-7.587061799600796,30.25974749292648
106,1226.511751201212,254.97266636200902,-4.967028276584498,-42.25537421924595,-0.8124921503542771,-8.771055537497528,42.546304425988694
107,1224.2849286744001,235.30008108623497,-4.1764718749970395,-37.28666081732128,-0.4041330203168067,-5.270999295144715,37.519834650869704
108,1222.555836840493,221.02193384694664,-3.2307696860957,-29.492594904312313,-0.06027722688959447,-1.9428164676052706,29.66902470514431
109,1221.0456919879962,210.2605015925292,-2.3990711368677142,-21.397381399808854,0.16694387100458288,0.6142621572031932,21.53145311140513
110,1220.199211306238,202.65158188952176,-1.4836434350246108,-13.914675443661153,0.3576119612742783,2.3639232832189068,13.993548175667183
111,1210.5489387111886,194.50188450823322,-5.3778485877073,-9.215805291536306,-0.7254920630116943,2.958725524807408,10.670160383228266
112,1202.9907410240392,190.15332765353202,-7.0293697552983625,-4.5310259363549505,-0.9613878748243566,3.398418907590843,8.363147445347632
113,1193.227929951121,184.5245633236894,-9.138483267330086,-2.55759092996065,-1.2537584597102576,3.0354198047220167,9.489633701692018
114,1189.635339054644,182.52377330206926,-7.2473492810418865,-0.011733291485065356,-0.45263141851505195,2.9107091837832453,7.247358778999934
115,1187.2347579890823,178.1635602406434,-5.115355130227059,-0.05795108038606456,0.20577374811929783,2.157464296292429,5.11568337918388
116,1180.7839899718808,175.82895665510944,-5.642363727891974,0.3900179466575764,0.019105439870743923,1.721989026308854,5.655827299038223
117,1178.2894097869307,175.7337814254226,-4.024398157194278,1.4261537178232597,0.42639761532309467,1.547275391924927,4.269624685436626
118,1176.7575662798329,176.0349198188054,-2.4367184737327845,2.0061068228272925,0.7222215530938496,1.3008605924016061,3.156273357113551
119,1171.651723680846,178.24393547664815,-3.2583354859895772,3.0789649952879925,0.3289455211849929,1.2427794633299207,4.4829427368044446
120,1165.6079439280009,185.86363781343212,-4.432308325639308,6.3185665490360545,-0.053906535045251336,1.751448106394446,7.718137102185276
121,1162.9940985538367,189.7843601118436,-3.546015562498421,6.4022030310755405,0.18559897899802286,1.3265912901969499,7.318635803248706
122,1158.5435998713087,195.0053867765261,-3.8685103132071252,6.789076076208982,0.05616764443912181,1.0872083191885833,7.813893140550556
123,1156.8369297798681,197.58875828180604,-2.725240339926569,5.456615223023851,0.33309510289300087,0.47082399507552997,6.099310174314692
124,1155.392588233337,199.21576546768821,-1.824407593445404,3.8564002056678834,0.4777200738237706,-0.056750599197224694,4.2661792758036485
125,1154.5791421197716,200.42658765617202,-0.9533186810181227,2.4662419269710747,0.5779264939733071,-0.3964216586459112,2.644081267648204
126,1153.9699380405439,200.9506204567962,-0.34729377512736664,1.1812911885329473,0.5850842578676978,-0.6227647482531755,1.231284629298929
127,1153.3228638214655,200.64225499987631,-0.06398494417584072,-0.04177859203070444,0.5082102601008147,-0.7756859061647616,0.07641677717133519
128,1153.1809729449465,200.07501384439286,0.27507292383099635,-0.8875786869377361,0.4651205335946618,-0.7935467308312356,0.9292260429685819
129,1153.2429297570295,199.5733638986804,0.5131310668318005,-1.2823557723215968,0.4072788667438214,-0.6919645140587026,1.3812095491106557
130,1080.2032466230364,183.74187089981896,-36.656893890724746,-9.21051784273164,-9.165129330286716,-2.5353068977386095,37.79631607243133
131,1029.2789965287843,175.68189012633854,-50.7562131960043,-10.513809434323177,-10.422060396527383,-2.2214644392543255,51.83370878896768
132,1006.1179584974115,172.4340296600809,-44.4642277632955,-8.46753758042028,-6.164339564575081,-1.134305177738481,45.26330459944399
133,989.2679690478716,168.9658179620319,-34.989417172135305,-6.765843432829896,-2.1804366787980167,-0.41186528914286646,35.637563769192816
134,976.3661894900503,165.88118944877186,-25.361241963380152,-5.197291852256285,0.8276783726833497,0.09262430292180646,25.888306945851905
135,946.6172349628305,184.8517856250167,-26.979849441688497,7.184749047997623,0.20451374006887224,3.2232191088469286,27.920116310267797
136,935.4413153254263,196.46473156302378,-18.77567593860549,11.842957948814679,2.242339791852075,3.5887671032303636,22.198685995547617
137,923.1025114033959,206.79993367125198,-13.825101900326894,13.749357081557104,2.932232920459333,3.1602022166589627,19.498160495559237
138,894.0819238810989,223.9872931685127,-19.381591698934493,17.85611947651611,0.7698234160880184,3.40132809551679,26.353123145916204
139,866.6162747537346,242.54472674063626,-22.926523272264067,20.748300576367615,-0.3293133453464183,3.2716284529456248,30.9211488493064
140,828.946510387104,270.1526182218032,-30.683307288301574,26.68132926861053,-2.2213804681970304,3.9495911291755696,40.66151347021349
141,812.5869697403916,282.10493147778305,-25.041168744897522,22.120692861981958,-0.21823478759930515,1.7817035073487455,33.41235078237645
142,793.6262076257891,296.62729299936217,-22.105976092306342,19.5773428095653,0.5850664502532069,0.6799432974711745,29.528740753321294
143,758.9896416546956,329.1364338203591,-28.054011073990225,26.67254689601893,-1.0791698662082476,2.3141609957306253,38.709847523077315
144,744.3784539367707,343.3965070793208,-22.00944900097835,22.073316135996002,0.7355231284589541,0.5530498680806688,31.17125487634863
145,728.732072302,363.32165456950474,-18.219448378822925,21.39103752986842,1.5136179469434405,0.23836341617803664,28.098483692769484
146,711.7422670526124,387.52954856062024,-16.464931746250276,23.003807371839745,1.5749842590065137,0.5884784589663699,28.28902845644206
147,706.3783138150551,396.7004431347449,-9.635451208440724,16.394810115244066,2.913509861738927,-1.2449999582110804,19.01661691009079
148,693.5399154156921,414.1084258444117,-9.095957907065815,15.983149644278223,2.3087550424849974,-1.0327158152104603,18.39014743819375
149,674.8556398027665,438.9111564547619,-12.260371686427728,19.70689098305717,0.9145249950354768,0.17893975386815697,23.20944346828374
150,666.9018233816483,449.18858811038393,-9.384716014456732,15.036144002139823,1.4141016398932629,-1.0564650338236692,17.72451751459221
151,638.0154074586077,439.94596616272605,-18.26653193320616,1.8793004004539693,-1.2086710341421636,-4.138904464064862,18.362950712289866
152,631.3480808871487,439.2666397848342,-13.257765160346626,-2.5088278215901285,0.37515341762127297,-4.202391497486149,13.493055772703434
153,626.5118342113805,437.4677203510297,-8.687598065492868,-5.2790230973871495,1.4437873861027277,-3.8375551346551484,10.16574862025923
154,623.3703881310252,434.62573016572367,-4.785956340735005,-6.897387832818397,2.0698989647422454,-3.2722405908648886,8.395197258655264
155,621.8073692004554,431.21025637176933,-1.601325266794673,-7.5621016014623805,2.353864808312971,-2.608001579899362,7.729788046312455
156,621.1351082191801,427.9463493544365,0.6262561433416817,-7.315906873348648,2.321695490324995,-1.8809262084861889,7.342662333008592
157,542.0706538427538,417.3017685250694,-38.24415319091748,-10.413574402109557,-8.171543825604877,-2.190877785702103,39.63657130881322
158,483.72815229316905,415.6351156543867,-54.57375533505734,-7.589984303473466,-10.249720181346957,-0.9134967978531428,55.099025700076346
159,457.01839689659323,416.26858576691654,-48.01637112007626,-4.081107161672685,-5.968293694656917,0.2130547170775754,48.18949399200981
160,436.42542323277735,423.10637973946064,-38.49268445849414,1.6406160774251664,-2.021880709742356,1.616327925859812,38.52763135640059
161,422.2138056507446,423.9014214547539,-27.628839333697005,2.4144004098125755,1.2606173688842448,1.4016991372106584,27.734132260918962
162,412.550756956936,424.41702050696,-17.536172153805396,2.4916341222635223,3.5104857043765927,1.0643060196008043,17.712300087993306
163,406.6270271551921,425.2138645308987,-9.003658379850659,2.4213612182560267,4.789792566937064,0.7752844165792793,9.323564467001304
164,403.8897350156988,426.0664217765376,-2.2414363420203154,2.1998789936346927,5.29224745629061,0.5213689890284312,3.140621668072199
165,403.45665250906626,426.8914819149195,2.6239856333281764,1.8879947112319542,5.183518321502881,0.30910680856586714,3.232618850646098
166,405.00113537686974,427.03508110890687,5.937076107168082,1.2296284777102477,4.7070472328734505,0.06265360580850873,6.0630733869467655
167,459.0552010436498,395.09646038992,33.95961071865922,-15.622177502110617,10.646413280644904,-4.246120444157141,37.38057771183219
168,489.0582345217255,377.12390600728247,39.878176588878055,-19.98411082389343,9.442045731619059,-4.275622511263636,44.605309700476205
169,504.7544625657415,369.239434963644,34.59478902471416,-17.006062681297635,5.690902247657205,-2.427829046617516,38.54874311290457
170,592.5514761069428,308.93787443879114,65.94136857448655,-40.87354024565981,12.226406147974888,-7.889345609176104,77.58163688457375
171,617.6143078443181,292.5196848437062,54.22650855706732,-34.293693568493225,6.127629781249346,-4.203476726890042,64.16051471784971
172,637.427872021372,279.3435828216622,41.26054720055092,-26.667428332081784,1.263745741764204,-1.1899790191318238,49.12824532929716
173,651.929954504316,269.50344498388046,28.569513574566376,-18.981135828395118,-2.29108206153357,1.0711543150045664,34.30015485713319
174,730.2548632570904,227.72067312281686,52.211347896896925,-29.79978243588125,4.315045470300609,-1.9576427573897108,60.11698497460314
175,749.2704213863244,216.39601983989746,38.51465202585814,-21.84606186584499,-0.27324913606052537,0.567168921564392,44.27898869350186
176,762.6345841290561,208.5327961401481,25.49738459845028,-14.299422087345864,-3.519648764027224,2.3451129793457044,29.233372939046298
177,770.5981213327375,203.55700410543693,13.941215285026878,-7.801514977079152,-5.56686469900594,3.4029919790013885,15.975641444432126
178,847.9298402226929,181.62805186508717,42.08852709648896,-12.463019116667951,3.02145395988196,1.348649572971917,43.89499924426832
179,886.6561497992052,171.88497347549503,42.627322157116865,-10.072172855544288,2.3890236900369475,1.614137809361309,43.80111026353772
180,901.6911552770359,168.0436175992567,30.350084817837036,-5.694753743675189,-1.347046304586605,2.3180535749655826,30.879732328033622
181,911.713268031289,166.4152522345453,18.98952563610301,-1.895462873977064,-3.897879466924629,2.695382616137395,19.083890153499595
182,917.2632892733485,165.9532491981895,9.237454188841188,0.8436169365718844,-5.389171007200897,2.7065139996961562,9.275896152211415
183,919.4011088687216,166.1113154649211,1.604006784731701,2.5114029135900107,-5.9608759352238945,2.4419093679945463,2.979929925326051
184,918.6559211419076,167.3559893165877,-4.035264382815296,3.685891692155722,-5.878950629227789,2.119047799850634,5.465268173248251
185,915.7708170504096,168.79969795642,-7.830634903149364,4.122791840238941,-5.348181327449248,1.6905390370697035,8.849647198864023
186,911.5660253246529,170.0347776423388,-9.9691373976823,3.911458165435497,-4.530550660978313,1.2060577123326652,10.709024485629858
187,906.8835706357781,171.60491128727992,-10.652130214861984,3.617432075615474,-3.5504272754705486,0.8239277290028546,11.249608568126595
188,901.9275326229482,172.634913008453,-10.396090182432621,2.9132338942661935,-2.5807712557029228,0.4346543245365649,10.796556062188225
189,990.4034018513835,183.68384558426368,38.05366790295086,7.382125735824193,10.418699372829266,1.4623323202029583,38.76309354589221
190,1059.7709270667308,200.3422311850956,61.772044333334236,13.19799685208854,13.806647009489177,2.571348833265266,63.16622975947788
191,1101.6216216075331,215.5857962674335,61.91210558913964,16.156495003162675,10.325233385306174,2.669970898344663,63.9854760806544
192,1115.8212258734375,222.02460313659097,45.29862003490682,13.195369870700945,3.462888625286765,1.2355106173305865,47.181381530127574
193,1131.8812064057947,226.88173979865914,32.98292669692016,9.8679997504276,-0.5565329923196396,0.07316652849078942,34.42747264277248
194,1136.3764299178285,242.10233978439535,18.054301217318034,12.649560934761231,-4.217666760112129,0.7631005196468571,22.044708759425443
195,1140.4636864820395,259.57758608422006,7.795134549547961,15.676851323325737,-5.7566729514244965,1.3398781874167542,17.507935059829762
196,1138.0148616243878,266.91230795876373,-1.71416257391789,12.4252772239209,-6.712613019737591,0.1702558081170631,12.542960871385525
197,1156.9273460522104,295.3295074937153,3.7920159331102496,20.699697709830126,-3.600009180050132,2.234703346836332,21.044164752142304
198,1188.743451105933,339.7042360907011,15.386731762580062,34.42704642692471,0.27068124821562467,5.162329375095517,37.7090577980307
199,1216.3907620178052,378.840201444034,21.834957477110844,40.673420160953846,1.8443433066583406,5.4384778490765155,46.16375716529933
200,1228.696730061675,394.8991099803904,18.35466224549938,32.18594850415164,0.48794972854862695,1.8909941385687477,37.05170586165044
201,1243.868124888647,415.06647493025326,17.096506810436658,27.47202643008857,0.04314848737437804,0.20846379019365702,32.3574223524494
202,1270.0561468893345,446.11003788470106,21.760592311781927,29.44700627528935,1.2202817792496718,0.6584644832769391,36.614881623958766
203,1277.9118617304025,456.54342314087177,15.585788941643953,20.250709066616828,-0.6635354853609852,-1.8519285465390023,25.55402188764477
204,1292.4113057408636,457.18424997955344,14.537812842965687,8.87973198918087,-0.7614675375219494,-4.276802311062901,17.035188359885552
205,1305.5533022759596,451.02944144054635,13.25918289999511,-1.9673719495914197,-0.8932090182907505,-5.950514971559224,13.404345696958202
206,1320.7179380475727,445.3834107230742,13.564295797336138,-8.276254526770753,-0.5879495834598498,-6.041805209454625,15.889824085543685
207,1336.5847188935325,444.3858726364655,14.29918585001783,-9.07062856167509,-0.2509706177638204,-4.705079364953353,16.93348807768872
208,1363.21186342945,447.8727929719627,20.39297322416811,-6.179343120594294,1.3652872620976375,-2.7699883036864152,21.30862826001884
209,1375.0404054434127,450.46426215596995,17.047077617859102,-3.7751696256760923,0.16516482334826166,-1.45192703336995,17.460090521298568
210,1388.8239203577837,458.9312970813231,15.507454515037981,1.379902017191153,-0.2691113023409218,0.2311337998898284,15.568727472501408
211,1393.7139911407887,458.85612608415283,9.89757103178198,0.8108290507526859,-1.6296147499034215,0.02728985607907547,9.93072787255367
212,1396.4561458861779,458.59289010635126,5.0375543881271945,0.2839544168421103,-2.452524390042412,-0.11387750204973646,5.045550943572336
213,1397.505487160485,458.2892502691016,1.1778762683481723,-0.1002804855739729,-2.8109814512513163,-0.18274810031019773,1.1821373352215754
214,1397.098029257638,458.03443028833243,-1.7247314943916823,-0.31521000191648146,-2.8343222544994027,-0.19094596495903213,1.753298626319759
215,1395.9261713637923,457.86726377922827,-3.555364039540893,-0.38208963603418994,-2.578643250865143,-0.15934142068747142,3.5758363977711953
216,1393.6176078342546,457.1430554352159,-4.84190839840316,-0.6751425851270345,-2.2494951543701522,-0.19340297381352,4.888751829330169
217,1465.5426887544256,547.388305171889,32.59273686497226,45.50267782196337,7.859606680160184,11.61916029238466,55.97124427166791
218,1518.8506077683553,616.3691744513769,49.00412780574,66.1236100635835,10.038080424264697,13.912263490995144,82.30271167976267
219,1543.8307846613175,648.3838113177353,44.245437944926906,59.11409859149919,6.26876462053583,8.58266956670995,73.83857684993573
220,1560.0079671579454,670.5038740053251,34.6171394421671,46.66277260429466,2.2191612199922233,3.2244886711878733,58.101296803759496
221,1572.6066534017043,687.2084498137679,25.053072070564646,33.80281035885805,-0.7824877137645503,-0.8728497253860885,42.07477163728673
222,1636.5748452663809,709.2001342292898,44.296319005964754,27.134798619069652,4.318849715964984,-2.3491040258319655,51.946714752481306
223,1666.8304106245891,714.3456925500824,40.36153124720441,14.181065070425673,2.2163256129108673,-5.05051770482488,42.7803203722308
224,1694.514352525877,721.4700221312381,35.55431693172589,6.821858892041078,0.4271554399510853,-5.638630906666721,36.20286192035832
225,1723.627420203687,734.227727158453,32.590983231074866,5.643791784630077,-0.436534679840178,-4.502350941637375,33.07604229161133
226,1732.7002997254017,738.5132781894439,20.283690303376154,1.5963715983288185,-3.460480838619294,-4.38646229481422,20.34641232756347
227,1751.089518997566,754.1508945239932,16.73953755136323,5.481020543934973,-3.481795345731762,-2.2794869405805525,17.614020087320696
228,1798.3918626182235,797.00654445509,29.715774423255976,22.82376622376669,0.7107088116607678,2.7190627493577617,37.46934152358415
229,1821.0439687990904,819.1253276945916,26.646653072336292,24.491003953168516,-0.25216168593651545,2.451121800482208,36.19189680842336
230,1830.371565491873,828.1166261140404,17.635045486434727,18.420967436462796,-2.483534967168252,0.28044968134798376,25.501507222198544
231,1835.914381453212,834.5892498617126,9.62343685685712,12.54255521420709,-3.8917514237628774,-1.2884531980627034,15.809055260810164
232,1838.0311064917353,838.4054274984722,2.898560769513421,7.1364224382179335,-4.6134590236395,-2.3373871484276827,7.702608632876438
233,1838.2197629505392,840.2483525003089,-1.9203070172333863,2.6975377216853134,-4.665784665119897,-2.872720727468514,3.3112367478558484
234,1836.5770650683398,840.5325391435698,-5.256098143508851,-0.6729384578214912,-4.326983320756305,-2.9995184985775403,5.299001213645111
235,1833.5860614862404,839.421377038707,-7.326813412203256,-3.1316277288469334,-3.752223649406798,-2.861748153072722,7.968016504082087
236,1829.9601017052241,837.5390742524273,-8.23769484641903,-4.627872961321576,-3.0284227179074277,-2.513901181099459,9.448641411803603
237,1825.8983852731874,835.1141010639257,-8.36709002985411,-5.3790558732406195,-2.2899270806431433,-2.064867932523322,9.946981333808184
238,1821.9612290126142,832.7783771503946,-7.81672857071468,-5.367409996185336,-1.5663945614589303,-1.5358986934050223,9.482106074885339
239,1818.3051840940534,830.110138270337,-6.864323668095391,-5.1368864633621305,-0.9247578770029673,-1.0859219021795319,8.573595625981415
240,1815.522915207825,828.0350914416764,-5.4737917202021364,-4.386241120726501,-0.3349630529260529,-0.6180764327209799,7.01437858725244
241,1813.194321237455,826.3559566860392,-4.12101696166586,-3.4676576988770567,0.09496974205092096,-0.22662909906673906,5.38585468750495
242,1811.6314734921086,824.8622636271904,-2.746908326658609,-2.63086359349723,0.42081642017681536,0.04426636077660201,3.803544215945906
243,1810.3279356208045,823.3838731169462,-1.6979245446935087,-2.0107137152545995,0.5808352025568516,0.1909664042097801,2.63171377702546
244,1809.6191436794577,822.4597604334812,-0.7611092939427234,-1.3147944021582856,0.6715172362451582,0.3195976489297402,1.5192009996286715
245,1809.0683672201794,821.7547316296842,-0.1534937576868606,-0.7659484998159062,0.6552389753129263,0.3779961404868427,0.7811769569176179
246,1809.0855478195992,821.0627184997583,0.4217850980186044,-0.44657429459012166,0.6348700071734125,0.36306284201916866,0.6142729600912191
247,1809.29096556123,820.9286230423538,0.7846944498929842,-0.016796601189097163,0.5655909972096707,0.38005772257838455,0.7848741972471504
248,1809.4792424142986,820.3887177692418,0.9023455586542231,-6.689173524720982e-05,0.4514831974588048,0.2875038749871419,0.902345561133597
249,1809.5670413929572,820.1878236045368,0.8238246272451188,0.11188139394258981,0.3164704277466164,0.24278300384650986,0.8313870715654027
250,1809.5464993222781,820.1485564319629,0.6294912568415044,0.21581117950879336,0.18634873281741293,0.2074116613184454,0.6654575175327675
251,1809.447742063161,820.165129181537,0.39734295383296225,0.26887935003761065,0.07974117856327421,0.1680943408608367,0.4797682021949261
252,1809.3121988598534,820.1827621615814,0.18527706715317804,0.26614894786898624,0.005406512182081685,0.12457860119849826,0.3242882268363309
253,1809.1764555979737,820.1803437189869,0.02575347608446349,0.2221632839792145,-0.03660763230462456,0.08163869363083692,0.22365099212581674
254,1809.0648789740774,820.1563987842591,-0.0714954507796515,0.1576186434888291,-0.05205534052323349,0.04440008406070776,0.17307581072305908
255,1808.9884836421277,820.1186124026823,-0.11278664375095203,0.09115369381939287,-0.04931329136659505,0.016158426207750924,0.14501662975508633
256,1808.3002340749254,820.0768525074037,-0.4427237155216237,0.03547936364687748,-0.12079913793988084,-0.0021401848156694415,0.4441430777689313
257,1807.928423776906,820.0392514609673,-0.4966217519902853,-0.003348506821295512,-0.10375681220230794,-0.01148597248878607,0.49663304063244995
258,1807.1340312664095,820.0106399773337,-0.7256553525835223,-0.024779488595032144,-0.1356697073290598,-0.014019355108356647,0.7260783110575245
259,1806.7673529297087,819.992538888292,-0.6438737250456543,-0.031825067079140894,-0.08027635207217378,-0.01224286159423068,0.6446597619665421
260,1806.0294014456,819.3367656567167,-0.7516311177547431,-0.35883716904562013,-0.08727684736810346,-0.09242689158213754,0.8328946218255461
261,1805.7298134001035,818.9759101067681,-0.5863690582837262,-0.42874763936557053,-0.022945315941608507,-0.08669107891005938,0.7263974193057773
262,1805.0465576001081,818.1777389389531,-0.652830986229396,-0.6815683389272602,-0.03403069810213738,-0.12901078736840957,0.9437815940191409
263,1804.780113227036,817.7995001406434,-0.48133718646986834,-0.6231752531105584,0.01832442554431591,-0.08127169517009294,0.7874216679569703
264,1804.1086359258202,817.047869026724,-0.5645529481909362,-0.7491893288611668,-0.007541829401804395,-0.09266932850286602,0.9380856473641005
265,1803.837829096935,816.7362387147842,-0.42051634033184976,-0.5953253849500921,0.031071123834902306,-0.029867666927299072,0.7288664530982802
266,1803.1527022944126,816.0444436476281,-0.5321735032348484,-0.6667337877696554,-0.0052873501074054835,-0.040449716204305576,0.8530782972851455
267,1802.8651956886504,815.7733304942442,-0.4114615127439718,-0.4953192989420674,0.026809607311435987,0.013520378680287083,0.6439268470672882
268,1802.1647995173748,815.10046300738,-0.5386872646301955,-0.5757000170268421,-0.012429219984701818,-0.01039990130006544,0.788425315853993
269,1801.8659056773936,814.8305091575527,-0.4257807586486828,-0.42767965585910894,0.019498688846370425,0.029955932266733015,0.6034891403092634
270,1801.1587087883759,814.1473961113628,-0.5546245262289509,-0.5354924095678223,-0.018289933575968503,-0.005139137488448978,0.7709477840939946
271,1800.8571007525536,813.8621790320551,-0.4393489175015851,-0.4118125878715898,0.015734431183231208,0.02767608700445265,0.6021769497741594
272,1800.1501519188087,813.1637642733336,-0.563958979532604,-0.5372042347326691,-0.020016797365087803,-0.01131624829470148,0.7788697711493037
273,1799.8504843607107,812.8662599691545,-0.4442260035338818,-0.42351590765878055,0.015582932789469157,0.020527303534336405,0.6137609194594628
274,1799.1460704716992,812.1598142218463,-0.5651727034446165,-0.5523642907716584,-0.019196501661382696,-0.01752452301459726,0.7902698870883121
275,1798.8487609989363,811.8584231218858,-0.4430086342460494,-0.4375592680340003,0.01681356158220853,0.01618498510740545,0.6226674578448758
276,1798.146109038804,811.1513292659258,-0.5627607533933926,-0.5628192228471116,-0.017975055710851215,-0.019846570233935115,0.7959052350412865
277,1797.8498409578315,810.851331826412,-0.44038465780437464,-0.4437081317682189,0.01777786891214242,0.015551378017235676,0.625152423834955
278,1797.1475858272488,810.1465465759417,-0.560552799140948,-0.5651313931428168,-0.017362372267123477,-0.019341417033477422,0.7959855100064906
279,1796.8512489516295,809.8489179729391,-0.43888004841879713,-0.44325896029768747,0.0180553085010485,0.016631270640779454,0.6237741600806117
280,1796.1486622875234,809.1460439508891,-0.5597768996241639,-0.5631325337983508,-0.017341238275908853,-0.018141849195160556,0.7940204203765744
281,1795.8519061638272,808.8496574162411,-0.4386973001863028,-0.44075167843169105,0.01791996001991631,0.017654776749742897,0.6218660331864926
282,1795.148934738329,808.1473698847636,-0.5599841550949027,-0.5608410740926751,-0.017541457396692377,-0.0174340484422593,0.7925433517144521
283,1794.85189384662,807.8510584282656,-0.4390932620899237,-0.43906192053631055,0.017722673630777223,0.018028996010779147,0.6209494849646016
284,1794.14875590386,807.1485262707462,-0.5604102497935706,-0.5598579516197882,-0.017696163231310277,-0.017335165120192897,0.7921493382346522
285,1793.8516531478917,806.8518306565286,-0.4394490855379804,-0.4387017036140862,0.017625278254218273,0.017944011491923734,0.6209466028041934
286,1793.1485282801189,806.1489107895383,-0.5606507125050392,-0.5599421225156015,-0.01773936130912262,-0.01751170370857969,0.7923789510074615
287,1792.8514803943085,805.8519054746293,-0.43957127643529736,-0.43903234432873967,0.017623212869816725,0.017749658685498576,0.6212666950945831
288,1792.14842386388,805.1487862568613,-0.560677372670507,-0.5603507174213396,-0.017716565147640917,-0.017676405237605636,0.7926865980570836
289,1791.8514381736186,804.8516883432424,-0.43953567746498534,-0.4394026916788951,0.017656061793476834,0.017636656221689515,0.6215032881805709
290,1791.148427322138,804.1485590705361,-0.560612157152717,-0.5606217199678203,-0.017684539636549368,-0.0177353145516405,0.7928320778368517
291,1790.8514680497372,803.8515021986415,-0.4394663611454953,-0.4395586172868663,0.017680973789497442,0.01762206800737521,0.6215645265051769
292,1790.148466710006,803.1484358201263,-0.5605547440200873,-0.5606770336885145,-0.0176690059067299,-0.01772055679685794,0.7928305980152237
293,1789.8515049396876,802.8514418070914,-0.4394278947042084,-0.43954272627853896,0.017687724008192386,0.017651205013032967,0.6215260918646486
294,1789.1484944852805,802.1484252605588,-0.5605354884457614,-0.5606221358229996,-0.017668868991381557,-0.01768890555419879,0.7927781612669903
295,1788.8515215556056,801.8514630320059,-0.43942403283580556,-0.4394760157437446,0.01768390466720423,0.01767780259555391,0.6214761854228038
296,1788.148501035829,801.1484609744571,-0.560541568606701,-0.5605622088904922,-0.01767424802043205,-0.017670811464333323,0.7927400836164705
297,1787.8515207727314,800.8514999642939,-0.43943476028639283,-0.4394325147148715,0.01767871204078364,0.017687103093673627,0.6214530099183648
298,1787.148496059222,800.1484909906434,-0.5605528371322219,-0.560537462991954,-0.01767825571485776,-0.017668657831487543,0.7927305536148077
299,1786.851514334769,799.8515196634079,-0.4394440190504676,-0.4394240276165664,0.017676237227593455,0.017684566360064234,0.6214535557272101
300,1786.1484900851176,799.1485004868492,-0.5605589868139249,-0.5605403885724581,-0.017679308091571436,-0.017673455615303875,0.7927369708287967
301,1785.8515098720509,798.8515211351319,-0.4394470498806018,-0.4394331265767963,0.017676247425778432,0.01767941815819716,0.6214621327014405
302,1785.1484874433067,798.1484968879729,-0.5605595381893634,-0.5605512719248714,-0.01767866887722891,-0.017677746923351764,0.7927450563148681
303,1784.8515088582958,797.8515152690682,-0.43944601450183385,-0.4394428183253264,0.017677128015564043,0.017676523562147516,0.6214682536053243
304,1784.1484876062648,797.148490888829,-0.560557774534829,-0.5605582509697247,-0.017677827087777973,-0.017679213120969296,0.7927487441312518
305,1783.8515096864608,796.8515104319347,-0.43944418312966826,-0.4394467423798483,0.017677772618663677,0.01767620908783573,0.6214697333537348
306,1783.148488658212,796.1484877425444,-0.5605562817971121,-0.5605595487188814,-0.01767743295371709,-0.017678778463741017,0.7927486062568129
307,1782.851510653709,795.8515089408174,-0.4394432003287965,-0.43944621174943144,0.017677936450524255,0.01767699878062655,0.621468663197221
308,1782.1484893750583,795.1484875429951,-0.5605558051886919,-0.5605580418802394,-0.017677439803240325,-0.017677941258178127,0.7927472037461569
309,1781.8515110735334,794.8515095496859,-0.4394431229727954,-0.4394444368044255,0.017677829640644245,0.01767769101437714,0.6214673534196644
310,1781.1484895316155,794.1484885060729,-0.5605559809739119,-0.5605564748742691,-0.01767758388943308,-0.017677478333624305,0.7927462200030295
311,1780.8515110413343,793.8515105239173,-0.4394434127482554,-0.4394433174717265,0.01767769322106713,0.017677921974069262,0.6214667668334246
312,1780.1484893939644,793.14848928539,-0.560556278508835,-0.560555852996567,-0.01767768753424981,-0.017677432929627528,0.7927459906580312
313,1779.8515108695253,792.8515110262465,-0.43944365334089747,-0.43944311970867145,0.01767763048406163,0.017677847773313764,0.621466797118627
314,1779.148489237409,792.1484895192834,-0.560556435508791,-0.5605559480505143,-0.017677712995362742,-0.017677562820486915,0.7927461688870734
315,1778.8515107544165,791.8515110523151,-0.4394437282117559,-0.43944336901945524,0.01767763243038102,0.01767771167548756,0.6214670263496018
316,1778.1484891707305,791.1484894165203,-0.5605564461099699,-0.5605562374082262,-0.017677695172847258,-0.01767767445039472,0.792746380989978
317,1777.8515107302972,790.8515108942902,-0.43944369844643905,-0.43944362230377243,0.017677655995729548,0.017677637671384673,0.6214671844013532
318,1777.148489176879,790.1484892583629,-0.560556398526187,-0.5605564168695607,-0.017677673071454382,-0.017677710797160275,0.7927464742414753
319,1776.8515107531516,789.8515107687722,-0.43944365012296827,-0.43944372079227556,0.017677672655461142,0.017677631210506514,0.6214672198733874
320,1776.1484892049282,789.1484891781972,-0.5605563597600485,-0.5605564468893801,-0.017677663090233782,-0.017677698170549996,0.7927464680568961
321,1775.8515107784838,788.8515107321276,-0.43944362505305634,-0.43944370393447374,0.017677676605110375,0.017677652562188166,0.6214671902260172
322,1775.148489223406,788.1484891749831,-0.560556348011425,-0.5605564056756621,-0.017677663540167476,-0.01767767605357235,0.7927464306068639
323,1774.8515107890678,787.8515107494345,-0.4394436236470479,-0.43944365678023567,0.017677673635124035,0.017677670558389744,0.6214671558887355
324,1192.9492125178458,356.75036112555097,-296.6689065685345,-219.83901170250317,-75.44804947014572,-55.87647192795928,369.2446765911503
325,1074.366134423072,268.85267669440395,-262.1665446139905,-194.26033459649182,-47.43938167136769,-35.126661352169734,326.29491983844986
326,973.2728568827716,193.5726483575431,-215.45794625378943,-159.82099219452476,-23.456210872262723,-17.40548083096042,268.262699885659
327,892.9484808027661,133.7494154024021,-164.0913377981321,-121.84594020265654,-4.395913933227288,-3.297894272119972,204.38297454594903
328,833.6702790059757,89.69726693754242,-113.96743475411117,-84.66949239071812,9.492414653990938,7.012502816143506,141.97710775380114
329,794.7048786484272,60.612829868839256,-68.6812091298406,-51.123975295088435,18.610497503599046,13.771498740077668,85.61991203867072
330,773.301735937426,44.60962469437398,-30.724389559076236,-22.967349546433912,23.53876199016307,17.43595290996888,38.359969485988266
331,766.4194095102047,39.18810450145084,-1.0348594357582286,-1.0337982008164035,25.10560306985149,18.581667044587377,1.462762035256956
332,770.2113158396714,41.979316708457695,20.13449698488003,14.76315122650324,24.102887178721048,17.872290611658975,24.966950213647383
333,928.3471158992941,190.1519438423223,108.40608945389683,96.05188787872538,40.449164798469894,34.026938394363064,144.8373066435354
334,1018.1592500460431,273.95197509593515,129.07805627803936,115.1687813108452,35.411139375227016,30.22876710240427,172.98841811272217
335,1082.783513292997,380.78320550916465,122.63079299465451,133.44929951259718,24.748167955101156,27.18508104521561,181.23748765335685
336,1101.4266058744909,424.3838419024842,88.09517071665039,107.9333443002853,9.64626915385096,13.760067004231463,139.32108927021673
337,1116.4558517844127,494.4117252251843,58.05866358675245,98.8761790480438,-0.46248518242583714,7.947626013077462,114.66170764741169
338,1109.37841130362,514.8959956363597,24.528567650337656,64.86026703294473,-8.886098268604794,-2.7421274954633716,69.34338375477569
339,1116.8665780010544,589.138551226083,9.224393493527623,67.59673790773941,-10.521033082679729,-1.3465143297901503,68.22322486581128
340,1127.4123393915918,634.6637813376587,2.0566869211347605,55.34828177272537,-9.666809737532974,-4.123665069178463,55.386480807906274
341,1128.7547441761142,645.9134521428862,-5.511519660077623,29.80779529829676,-9.132213478317418,-9.579366673863046,30.313058399122063
342,1170.663310484319,665.1509197865751,11.842097752075079,17.283316473260165,-2.3852370079846317,-10.329601864468628,20.9510932288644
343,1192.7602215971376,667.3868242271993,15.289077506064904,1.9187398832034717,-0.8995434148460972,-11.612206746405182,15.409005604705824
344,1236.9834047229863,693.5953179600622,29.359978458523415,5.639715726150769,2.91401396662057,-7.706245760189685,29.896734412921276
345,1280.8738852940137,728.142709055438,38.93465294105922,14.624381861574815,4.610744568110755,-3.454418045446447,41.590620871464395
346,1300.0348680698612,744.250145875839,32.296607126967125,12.805523269531397,1.7452379377057299,-3.037777117941653,34.74265761452589
347,1311.7138987170395,748.0700004835388,23.093059381154127,5.963584607896058,-1.0438457686316447,-4.006845769432638,23.85065476998578
348,1319.2146057879806,749.4217798464002,14.37115864382427,0.6278249385388228,-2.999746507632741,-4.345372087559797,14.384865829037693
349,1323.6165031070052,748.6037940366202,7.0564437087820835,-3.34722004577678,-4.098937640067086,-4.251035298117632,7.81007553420965
350,1264.1456457525537,668.6164832096922,-29.892542608403417,-45.56180451085774,-12.467129160671881,-13.921835282421128,54.49258788019551
351,1228.6541081379262,623.799660235393,-42.03637241682716,-55.55765229829169,-12.384772177743441,-12.921732798906817,69.66856776814106
352,1166.5585370381364,539.2702570111406,-61.48598304934679,-79.94818959533276,-14.184462699751116,-15.843285625086068,100.85751896173053
353,1137.4731871681968,499.6824059656266,-55.54969297173379,-71.19285918756393,-9.058920438469649,-9.577056551028992,90.30056250408518
354,1095.9082508614206,438.78047417557883,-55.17602387198133,-73.08726209392495,-6.65607115909927,-7.619984349494176,91.57587832342932
355,1006.7234767546386,320.53702702967604,-77.46324972114965,-101.77222957603365,-10.637937287224954,-12.986058992628944,127.89895140398177
356,966.6954820470347,267.7563853924784,-66.31884291540649,-86.49008661204034,-5.089122765539407,-5.785042938095031,108.9895591687415
357,925.77101448539,222.14249859557717,-57.17368701723068,-69.97592105166117,-1.4630955658111846,-0.10456284787499559,90.36293495771686
358,915.1993609209181,212.23133833790675,-34.521355721464914,-39.452162591609465,4.680046338248706,7.697667863517494,52.42324993743432
359,888.1840819753667,192.4019330044247,-27.209317789399527,-23.71802496673468,5.3505174828781294,9.744870860797377,36.09559090646922
360,881.351344634095,191.3182959476036,-12.840363124564423,-4.923826868136697,7.647865967713903,12.050088250362101,13.752054253749098
361,868.2348613513253,190.20635217876912,-7.281384773101298,5.9987041288084795,7.115744636338772,11.76285534121843,9.434140948646853
362,851.2360914989376,189.73342085675566,-6.9290941260782,11.467943342860567,5.392828518932372,10.159625293465732,13.39873389254042
363,849.5900644926786,195.09653599581122,-0.21842241333459156,15.929238162211995,5.728534695453792,8.708037771517802,15.930735600690818
364,842.3749968000982,195.07031306568342,0.4861924553010555,14.290039020257643,4.448745928374689,6.072192051711641,14.298307532854288
365,834.0275261347371,194.6650496407732,-0.6988897247273416,11.328470434832768,3.013589680398645,3.77094008384118,11.350008336570049
366,825.2337141986594,194.36578972250837,-2.5771653808930526,8.214729763811565,1.7674403540540469,2.0171427704435874,8.609504427835859
367,821.248952982399,192.85237860449902,-1.9771005406111195,4.761751900015567,1.470064177484972,0.6236892155326184,5.155890583108475
368,820.6496439877069,194.09059376589474,-0.17956444415274236,3.4313980042836203,1.5534840762657678,0.12591805070721757,3.4360930798518097
369,806.8483398307332,203.03129880344923,-5.961792657521494,6.332111530399796,-0.31520860005512397,0.8327669262433937,8.697045942427765
370,799.6099447135335,207.33345368459928,-6.84710640434208,5.9185215464251915,-0.46043666659186977,0.5152711005827681,9.050511776020269
371,794.1295459061588,213.82699815236847,-6.493944153013847,6.595494587440066,-0.25318121826571327,0.55646290580928,9.255909437511471
372,791.7100779905912,215.71669821170823,-4.606773476609434,4.612705003083587,0.2920500765836218,-0.0903839639087729,6.519157101210594
373,785.793529208329,211.0392521717155,-5.056421910955313,-0.18778388541888003,0.1031104725358295,-1.2902318082317028,5.0599076403835666
374,783.5143042813321,207.48393705689375,-3.5646564391275968,-2.865026901125609,0.45685518397712704,-1.643557781640716,4.573308941366989
375,782.0044679916264,205.87007669056814,-2.177294097451496,-3.452464218297391,0.6938917309683769,-1.374522615136927,4.0816808750098215
376,774.2364897276345,179.25233894111233,-4.508495313823876,-16.27904361047752,-0.0767176949047439,-4.291809142078659,16.89182615546942
377,772.479369075474,172.5889802322494,-3.1639046554176904,-14.578579543995996,0.28534510223886755,-2.7653429153193487,14.917951407254021
378,771.1032694364839,166.57689699513483,-2.0404004574784578,-12.275038565557246,0.498856987913578,-1.474100042725908,12.443464381465315
379,770.4046042524886,161.61305379673,-0.9850369985897294,-9.648733188620383,0.6406209401484414,-0.42956649572497096,9.698883958155966
380,769.908232822729,157.73657766698483,-0.2586428089884791,-7.028033280127866,0.6624707396973131,0.3474555936559184,7.0327909032777525
381,765.4627288760438,149.6640369590439,-1.8980436589092442,-7.301241952582709,0.07609406467033475,0.18934814304418723,7.543918330766801
382,759.9765586069446,144.75024904412618,-3.6694059451182164,-5.943772443273772,-0.39452528576259815,0.48691431739883134,6.9851965503835025
383,756.0387675250381,142.90090725100026,-4.100166589694815,-3.494871156908326,-0.4037558481082974,0.9867090933097611,5.387531017696265
384,754.495980808895,143.20058270129744,-3.0981407945526978,-0.8262767379168565,-0.045648310962878524,1.4151510313822224,3.206432539520229
385,753.0739455740094,143.02888653874612,-2.2782214848312097,0.5618745276734721,0.17484559743629638,1.4082731356025606,2.346485908501223
386,752.2532064621217,143.45682016381807,-1.4053604278475396,1.5431654782347337,0.3526574207077794,1.2995040821551387,2.087198511252644
387,751.6557437119073,143.93478709860403,-0.7309323986021388,1.9689396563190953,0.43462497285390195,1.0769309211102742,2.100234639642017
388,751.0501391119733,144.21435298838446,-0.34317161713471356,1.9108351007591164,0.4226868313663528,0.787793016177014,1.941406073210846
389,750.9711813333723,144.88869467977025,0.1064515410868789,1.867980027693742,0.42954856676899356,0.5761944774556258,1.8710107734757928
390,750.4559415616826,145.0741491701658,0.10983913757100933,1.440185198056637,0.32098870882167413,0.3204391545649366,1.444367695859949
391,750.2562187776268,145.59075712820191,0.19134442997479517,1.208453521719222,0.25998292115020716,0.17977965933865175,1.2235083183362383
392,750.2037524906663,145.66644587784313,0.2608832977251476,0.7653173387384594,0.21146937620924217,0.02109864425149327,0.8085608969061426
393,750.2012180172579,145.5088258969641,0.2842775505414508,0.31082490689668607,0.16355929034353228,-0.10005299388933922,0.42121947781314756
394,750.2001260554277,145.27151173395674,0.26078235599519706,-0.04300557452793477,0.11590920100177385,-0.16470004023579898,0.264304590650415
395,750.1830469682252,145.05156165996334,0.20560060994952412,-0.25589943802121456,0.07232564877002484,-0.176976890936775,0.32826229328265805
396,750.1498666400805,144.89669536813852,0.13784841077262067,-0.3363192132027656,0.03664234519457097,-0.1523800190947026,0.3634732418237476
397,842.0125276054099,118.92941952049557,46.89694715838167,-13.50829524467216,11.938678391821483,-3.4689800650588043,48.803664751668755
398,860.6548402106791,112.95046255629256,41.39925766272038,-12.25755691301696,7.496953895753603,-2.266683293592069,43.17575982539464
399,876.1584508150984,107.61120364814325,33.793177186592104,-10.4221054839321,3.6496206571207543,-1.221709225514226,35.36381069798073
400,888.6213825610131,103.32336305026811,25.64580215266946,-8.207323497501289,0.6444647049725485,-0.3463005799111496,26.92707423851508
401,936.2132551904201,111.8074481866279,37.30714056841565,0.03850072411476191,3.4508930934420414,1.842449476894707,37.30716043465761
402,949.8453354438246,111.62343194904646,27.81702963299809,1.2982387602456036,0.1543134978736984,1.6940100944911092,27.847307975488366
403,959.1388655917934,111.97674663945283,18.494714629972115,2.0793000679327074,-2.2597542267926607,1.461446350931084,18.611232039190998
404,1016.3050430568259,149.2271828621948,36.51287467594457,21.087385371677232,2.9058232108779447,5.931261197882093,42.164770115759694
405,1057.9788358468693,181.5126478731858,41.30784629747493,31.21289973067831,3.387063158695649,6.999701433180537,51.77434958870263
406,1090.6375760200515,208.96014956252398,39.42556121361661,34.51111544316671,2.044754180226218,6.056788327450163,52.396488108843805
407,1101.25826756236,219.64044770733835,26.273983973745427,26.883721575560024,-1.8263454636088983,2.5708922017969713,37.59064670373287
408,1116.510173120643,233.04688491266182,19.297371631932354,21.93332471238364,-3.138319763636647,0.6549258665212505,29.214025481603294
409,1122.4342244083637,240.8698071285125,10.145089669325642,15.232473164219492,-4.670311024085324,-1.2188781815044754,18.30166886098983
410,1124.9084135818712,245.46563841716667,2.7563329973688875,8.90495394878532,-5.362805395808678,-2.5202487518233445,9.321779681067978
411,1152.8243788731163,270.5137826395272,11.57792746245661,15.251314285532022,-1.7494842769422814,-0.26157681739874583,19.148132853152553
412,1156.0667490817618,275.51554593110615,6.027320672811703,9.834448713635059,-2.717778768442814,-1.5748303856258932,11.53451238648698
413,1157.6704995169707,278.37353239075276,1.748153878268876,5.106433890019101,-3.11552533402051,-2.378069721318898,5.397379832404064
414,1152.1259872958833,225.14769591748797,-4.289179623876034,-26.384867503681665,-3.8598240891807474,-9.79434787703211,26.731223223651966
415,1144.0255085047845,183.59716126197418,-9.107529401790744,-41.410788623216305,-4.103998051283047,-11.127034086347429,42.40047766477618
416,1134.8943655030039,157.5778365641342,-12.178109336327955,-41.861717125732525,-3.840746060188875,-8.407412660582933,43.59712958122823
417,1128.0473582113977,144.18874828000617,-12.324387066841501,-33.62124998573757,-2.899620558263318,-4.166546902588441,35.80892301056803
418,1125.7462411364231,143.1204495799443,-9.378723559765561,-20.141396117446018,-1.410598212151256,0.32868117915653006,22.217927292399963
419,1121.705772892594,135.99489184142402,-7.710262659056305,-13.265157223235143,-0.626241494359614,1.996600076030279,15.343159597318458
420,1119.065673689563,141.37886598388152,-5.593838310509929,-2.275843711697526,0.07242270781689197,4.287395717093007,6.039080364111886
421,1115.120876840307,146.26476094603558,-4.699713853565096,4.568134311462736,0.2817422639948446,4.938657168351135,6.554018720827307
422,1114.0815684583367,149.87054381747402,-2.624845636754836,7.7584253837879045,0.7385215382422581,4.493279979310063,8.190419955813951
423,1111.2913944309144,151.54231882460056,-2.1586856111497394,8.006075746681615,0.669140414244809,3.411752152519627,8.291994478374217
424,1108.5176336937495,152.02868958922403,-1.9733687736947711,6.717595644224837,0.5458916363645632,2.2144192630751256,7.001448104235445
425,1107.5827299625535,154.7705933781601,-1.037461795511452,6.342387504296626,0.6452437897933899,1.5547399338803158,6.4266792538451645
426,1106.9533936259113,156.78359560813652,-0.34865580548818986,5.295347067757849,0.6563407850570963,0.8919647688199849,5.306812738236791
427,1102.4458244280306,154.41860280430586,-1.9783863045431413,2.057317520119657,0.07398906548324713,-0.16010622683745435,2.854219288806514
428,1097.5890952377592,153.55079500215697,-3.3896980436175537,0.4477090798995633,-0.3043751104853705,-0.5293511022514562,3.4191367692926797
429,1095.311085301969,152.61166829917704,-3.050156080447742,-0.653358175860224,-0.14034426082981935,-0.6749895551805578,3.119347531304541
430,1091.4200809662873,153.80787511959156,-3.5831430113831972,-0.21408849601802404,-0.240365697476708,-0.3911441711471435,3.5895330788490454
431,1087.2528602851398,158.31820586563185,-4.059852998386916,1.9013955642880251,-0.300571826819247,0.24739202458050313,4.483047117798943
432,1084.309501910238,165.29883195063493,-3.7150277817191135,4.673524295414092,-0.1361639709948614,0.8905411567822626,5.970197715216023
433,1083.4217792819488,168.85290192275025,-2.376055180285246,4.76687225573566,0.2396109777263086,0.6874648870185311,5.326228433165699
434,1082.352826778868,173.3399104618524,-1.5315421909016496,5.136628505492845,0.3937031659754289,0.6065320777406815,5.360090846800405
435,1081.6536133950838,175.03902717867317,-0.8140772447979923,3.8373159006525066,0.47617794736143365,0.12103893679830346,3.9227178182859963
436,1077.7913088105477,186.7443088306945,-2.0122057545306316,7.9360783668672426,0.0496666433794784,1.1343206106656019,8.187204153044213
437,1075.9308317401408,192.4984700680721,-1.8978886927385563,7.669804006993813,0.06613563216185066,0.7775343218090411,7.901131247848197
438,1074.023287627279,198.25486997364186,-1.8535196172385027,7.274432302041511,0.060590839316021855,0.4787493073914763,7.506856884773608
439,1070.776148870617,205.91839274377892,-2.5183821771846193,7.829458550199511,-0.12421049976168552,0.49818002590315696,8.224516397919903
440,1069.3634568377013,204.9379077170305,-2.04762640391714,3.7122586223630663,0.027350667466552264,-0.6775376655033516,4.239532753656654
441,1069.0578903069106,202.9321344561926,-1.1397015254924725,0.2941038035446679,0.2516673410225241,-1.375679986356886,1.177037218812264
442,1068.662745680759,195.07057117646144,-0.5728081993894778,-4.886271143658615,0.3319677217419623,-2.3448845200481725,4.919731183981365
443,1068.7375003820007,181.23760047937833,0.004513535470285324,-11.19197012709285,0.39446897987704893,-3.353858793814866,11.191971037209719
444,1068.9785677633922,173.95500915336876,0.4190148693060118,-11.699726782467197,0.39957200350366306,-2.6288453237964005,11.707227692544453
445,1068.5635273260086,160.97913620605416,0.2918672836860863,-14.30907106617643,0.26539593445842546,-2.6238776465821485,14.312047417758711
446,1068.995799242491,150.95127858185688,0.5611895960981603,-14.08335967137079,0.26639613640702403,-1.8979759260784757,14.094536295882953
447,1069.2434874290398,147.62127421634906,0.600002095188144,-10.019247036999422,0.20842168764003022,-0.3791989091237562,10.037196506129181
448,1068.039903795815,144.91208098221503,-0.16355694424562173,-6.577536247441767,-0.039179798690665485,0.59413615213519,6.57956943579299
449,1064.7133898834209,143.40054522159042,-1.804213678928152,-3.553733086029403,-0.4471385767105598,1.2130673161273027,3.985499447493566
450,1062.8890869082793,144.04322487257986,-2.1476836394007304,-0.5117007072454882,-0.42073012770391416,1.6789762126174992,2.207800405096688
451,1061.4817726512983,144.13088747884885,-2.0840353109362955,1.0449371627596007,-0.29734000035548863,1.6478118544956464,2.3313294171664
452,1060.3822976246515,144.705474488419,-1.8040192074649575,2.0333537838259303,-0.1502648316121806,1.4798381124976951,2.7182738844902516
453,1059.4719327066555,145.22724907551506,-1.4607083508313512,2.3661026621845935,-0.024531809729870846,1.1876296443505692,2.7806673109499216
454,1058.6468477875499,146.12438382117642,-1.1551546799558403,2.5027895093118135,0.05955386536383843,0.9199134320914717,2.7565082373439678
455,1057.831181918311,147.08909246284466,-0.9378093703797866,2.404746387973603,0.09974951434016355,0.6606001055730897,2.581141531501948
456,1056.979978513594,147.99631319302395,-0.8193461067559494,2.1341091755892085,0.10451663781122986,0.42337755822171863,2.285989942232945
457,1017.8894060245555,149.47347637231127,-20.23980873875578,2.1149362686011477,-4.869258822053619,0.3106426552446117,20.350007695371012
458,1009.3145724563655,149.96794755651354,-17.925626667721925,1.5208544930517331,-3.0393556227876943,0.08017397665394468,17.99002751025076
459,1002.2509691070284,149.89215353711165,-14.65677572294689,0.767147444217568,-1.4324088195194415,-0.13224811730609826,14.676838549017798
460,996.665184821219,149.5620485539353,-11.102821806659964,0.10956192137134235,-0.16218731164389122,-0.26607209016247707,11.103362368447614
461,992.2891520320128,149.19000085639345,-7.796541438409015,-0.33410079908322887,0.7213669903198958,-0.31131136579205354,7.803696671756083
462,940.2903935058686,192.90488643344548,-29.77899997094673,21.875888456966248,-5.0621848726642416,5.425744269926342,36.950552567604106
463,902.8153286860925,230.76567098617335,-37.47262559252669,34.06343935078218,-5.732515695564624,7.148240738962495,50.64104628858001
464,886.7622613735242,248.72579674629645,-30.832047866608168,31.186456831722317,-2.5806051315651577,4.594424484851796,43.854421275005976
465,872.994992509534,267.18794605691363,-24.061139431151645,28.1277447536846,-0.19840907135414199,2.6448714378813847,37.0149760995972
466,846.3528056034463,303.34448885290743,-25.52399332838186,34.18936146826969,-0.5205125961972878,3.5152500219013847,42.66598965259432
467,836.3809586441712,318.3919406919187,-17.988431778651687,27.056754600838424,1.531684404176451,0.8028246428793002,32.49079327109754
468,830.0585291082656,327.82509380390013,-10.903353665868414,18.676227997655584,2.946350866309076,-1.5365339006458099,21.62601704853255
469,826.6938249208773,333.6087364435585,-4.8667761168879995,10.962618410489817,3.733552400676646,-3.1100765425498844,11.994353345884125
470,825.1864165850067,336.5336039400129,-0.3727808729187452,4.549741223662511,3.927266918901342,-3.9514289745461832,4.564987489742782
471,825.6269934955743,337.0963247728338,2.9684456871038085,-0.4264042237885224,3.7779795309250312,-4.212464316803052,2.9989148636381615
472,903.3062201662594,252.00252644520015,43.84753893486672,-46.70197913831655,13.229083493108604,-14.927582851142478,64.05998381267675
473,946.7988925358101,203.76734703286212,53.52586095956687,-58.60805519813784,12.324565746310784,-14.157886959391922,79.37204750773951
474,967.338905201853,180.0973356381854,45.90530805497478,-51.35920391125224,7.2437643626526,-8.70475392945269,68.88443317629695
475,984.5919990005478,160.38014129554438,36.70612447566722,-41.7256032684968,3.0551027599226073,-4.033258165737505,55.57306489787266
476,997.6971067669126,144.7025146883265,26.95877007783299,-31.460557153128196,-0.2061835317190326,-0.39092113847088017,41.43117112144803
477,1006.7202029417208,133.0800755572774,17.6672750388188,-21.644807114762703,-2.5205675213646033,2.209116993438997,27.93976167279442
478,1012.0422132703693,125.78196255645413,9.49915158843158,-12.689110956349458,-3.9592207818788587,3.927734433441489,15.85078602980149
479,1014.6676718093156,121.49216183662266,3.0465024766940414,-5.482658720147835,-4.594394446680548,4.762952024294694,6.272218425893349
480,1014.499887926882,120.07957717245755,-2.0151288745747373,0.14059716372534925,-4.7134179507708875,4.982105046977515,2.0200277086199736
481,1012.6340350376652,120.95647954359605,-5.45180216628137,4.228696740238152,-4.3881811776089386,4.754366906591497,6.899566869099176
482,1044.4759458193873,147.9092793164464,10.27819096823436,19.349375220222388,0.7367042477827255,7.395071687916098,21.909804448977873
483,1062.162579754526,163.217961871252,14.60166789181065,22.801988324096413,1.65039545679513,6.390773374157543,27.076546617967427
484,1083.0328844225385,172.2483715875982,19.025376772308196,20.548463085114832,2.35686679582761,4.188732608037376,28.00364791395241
485,1090.1391976436528,180.07566706728525,14.709354648673546,17.189004428484772,0.6570211419404379,2.2659132308810066,22.6235936009937
486,1095.3542366286429,186.49040299829113,10.361860149670143,13.388446269734644,-0.6178246204785023,0.7205458269640888,16.929815098780423
487,1110.321370320348,184.55119313923623,12.247705997620708,6.116334546767671,0.01995811738666997,-1.3154964874273318,13.689990887218952
488,1121.5570666875753,186.1201586571663,11.74698317683113,2.81916113749673,-0.11267967120881511,-1.8203070640247654,12.080533236406637
489,1125.320805563229,185.4214284925015,7.595718638644146,-0.32973142182582604,-1.1414651068489698,-2.158749724655999,7.602872118350102
490,1134.0636357176663,193.0653603100744,7.329457603182732,2.123844236850122,-0.9185164177626869,-0.9838101517367921,7.630967376372057
491,1141.6238732653944,203.3070098560251,6.7625005685524835,5.526493669786348,-0.8289605002712432,0.13359257307269434,8.73347274695818
492,1143.4595778731152,205.081535911118,3.6346136685258017,3.714509357323289,-1.4145869203114678,-0.36202191311117,5.196921808636037
493,1144.1948460600518,206.2753290475793,1.1032240719820168,2.1604586624026654,-1.6990802182451685,-0.6656782407562145,2.425836965863802
494,1155.1608934740907,213.21404053599375,4.861859297564314,4.098770248705858,-0.30878675025639923,-0.002340240720984599,6.359056013355193
495,1167.7201419622677,202.87120701588594,8.553384445416789,-3.260655858071261,0.7102490641059187,-1.8764776024587637,9.153811342597809
496,1173.632917556313,196.29553586939392,7.737372714991428,-6.348049221537211,0.32145077754738133,-2.184945182005617,10.008229885936524
497,1176.009612395899,193.47935777874073,5.245789001705542,-6.176992176440491,-0.3951390699969389,-1.5847793176214788,8.103920939781055
498,1183.6092631210913,177.11889852319447,6.150548487873145,-12.546320534477562,-0.06400409414774222,-2.803590988296777,13.972809511888867
499,1189.9039753589466,163.06024946303418,6.176297023539448,-15.40622569060549,-0.04114059086517233,-2.8179364081884315,16.598145527523695
500,1192.1377706059075,157.08911078547027,4.137017916199012,-12.699352573612662,-0.5501445791061079,-1.410551454942331,13.356214771703627
501,1194.7054694307897,156.18577959946413,2.927482830945281,-7.74076591596387,-0.7181171168806203,0.2119169946849757,8.27584513456042
502,1195.1549798365043,153.3720964354991,1.1298253318113,-5.072591306312327,-0.99311825193877,0.8376218253843989,5.196892132926939
503,1195.278081198604,151.48948711042866,-0.12321077665643476,-2.8231182860689445,-1.0593294902975878,1.197275514585905,2.825805682034973
504,1201.3399305728478,154.2712121274148,2.2384655580661894,0.9247097229874963,-0.18786557807470494,1.847000937122417,2.4219446992935634
505,1209.643063590431,159.27820652624837,5.188272431274333,4.381042291769473,0.6114222482337341,2.256960613172308,6.79055979897048
506,1213.7539176854152,162.33625314733175,5.09502039812484,5.389029383616989,0.4319141627444474,1.9387982343783277,7.416257179655752
507,1215.1396026446846,164.36178172419966,3.527083668316825,5.12030964689502,-0.0775260346208686,1.3764571143113895,6.217546950638449
508,1216.2798760847643,166.17679489555115,2.2532788120974683,4.46215289232444,-0.38226501353606507,0.85816142797524,4.9988072416854346
509,1216.8262298297825,167.78792326842796,1.0987505623716558,3.6491722729368483,-0.5789906478959087,0.4324562228499703,3.810998697963975
510,1216.5769742233174,168.6416217137079,-0.0195282651997728,2.5472320705681915,-0.7163684282663378,0.041585473130059725,2.5473069258479293
511,1155.879280100954,150.36307273356496,-31.467611210518815,-8.032056946625277,-8.544937431708266,-2.66396643411081,32.476522198200364
512,1121.9907533921128,139.70522824501234,-39.069222677191966,-11.355188454561778,-8.304635433395806,-2.83188154546068,40.68592465999297
513,1106.1016215286193,134.74333389939798,-33.44859233397508,-10.208435218589953,-4.757325895459365,-1.8183677400836542,34.97170969135773
514,1080.4522359162777,134.22340156868816,-33.020515705248194,-6.627512787914098,-3.436401172932456,-0.4429574730143666,33.67904961833851
515,1044.604503626319,140.72360599524015,-37.02193633151167,-0.2693461918712021,-3.580333714549504,1.2895546862418479,37.02291610753506
516,1030.5209407833047,145.56544540824666,-28.003618295352375,3.2957460505524923,-0.37096462692408494,1.8692230535439158,28.19688953876875
517,1017.0030184539071,151.869608093834,-20.899937701393583,6.221527558114177,1.5331196979338484,2.1383697931069934,21.80630186616949
518,1009.8983157933703,153.87883680629128,-12.728992267668408,5.669096621993511,3.224033388305091,1.4529176628139768,13.934342491121006
519,1005.3950124616792,155.566294798854,-6.135437176788328,4.7233413551441235,4.0823822820046685,0.8418819024714147,7.742967319286001
520,1003.6949667350798,157.01460462956078,-0.8332620766427667,3.682205924197759,4.393111195011461,0.3622037796918186,3.775310074228088
521,937.0629541611902,194.61212133932173,-31.082275737864414,21.231253084860494,-4.431592181443068,4.740364629930764,37.64138643299464
522,925.2751566640494,202.54217404053807,-24.55485248310437,17.98739016592903,-1.639902557211545,2.7064697663439445,30.438248725056063
523,916.1452267763017,209.01434870004678,-17.91834625069513,14.13766523728502,0.4684222898869459,1.036350693057843,22.824125628845838
524,909.8125402622499,214.17541934959806,-11.6666085821732,10.336637816542162,1.9416587891127925,-0.19591860771986136,15.587040680001026
525,823.9642248269722,272.0400144529724,-48.01352724759984,34.40508455528006,-7.811938605532002,5.985163750508656,59.06783085582188
526,779.13514698684,302.0350396176654,-52.213052227100015,36.618764100102204,-6.891715644178131,5.024419294379307,63.7741068701774
527,759.4120620289805,315.8171730093909,-40.796249076012884,28.728502323194725,-2.227820219143659,1.734545185080501,49.89650072305559
528,744.3601033469918,325.7292248330549,-29.340402161387715,20.43462007475764,1.2579447002655062,-0.820087297781432,35.755179996633395
529,733.998083819454,332.3216249998425,-18.73383328990406,12.771132051497815,3.6394047184176364,-2.563368974040805,22.67285433311634
530,748.7431635797719,278.56461102905484,1.0352484988622273,-23.03388545313915,7.748263984254962,-11.031316285133215,23.05713812516054
531,768.1161579041308,212.46683221007316,16.152408147616384,-53.19520831436334,9.625409763306294,-15.904476760254951,55.59343915045817
532,785.7925949965895,164.05697894936569,24.10230927719537,-62.610159143428874,9.198592217942252,-14.25134082721901,67.08914472892816
533,794.7578894626165,143.9488693389612,23.245681710640316,-51.577259491963716,6.637134675961252,-7.810456405454514,56.57362826347413
534,803.638834345445,120.52529385044281,20.87355874860406,-43.05439962623882,4.342124579804281,-3.6497222748215785,47.847536843679826
535,808.1190862050258,108.23588737342806,15.757542290299696,-30.100302224584564,1.932766334593675,0.5799196472349033,33.975407768589236
536,812.0003123017653,100.15544361156282,11.14723351718073,-18.44947334840876,0.2659893330369085,3.400112994453263,21.55559978103608
537,811.4490962671946,101.91248173266449,5.385360172936471,-5.620725340492585,-1.2695429226132882,5.801954901783397,7.784257032338142
538,812.8343696683469,100.36242402483707,2.401262527917856,0.7771611872715836,-1.7063070330920351,5.953761982144472,2.523894062551721
539,812.8405021926054,101.45222658192603,-0.09064788075891828,5.373551213801648,-1.9064309224275742,5.607986284795471,5.374315741155822
540,811.9282572837319,104.0444517539326,-1.9300220833234105,8.13593924110721,-1.8893489546024038,4.883101172952049,8.361727846390613
541,810.3133258677493,107.74725921578634,-3.1775481837216684,9.516539748371036,-1.7258515845049713,3.9908773391426235,10.033012570618993
542,808.6851189125865,111.32487232667955,-3.6744023547129956,9.465031084592598,-1.4127779012451434,2.9611236055897736,10.153228358341229
543,806.6962230656253,114.97604847621324,-3.8685617090161744,8.70980852013948,-1.102348121015484,2.0144249625084014,9.530295596357986
544,804.6864014278649,117.77235205423601,-3.743111162149875,7.198278959536691,-0.7895798051275736,1.1162265143919639,8.113328611089262
545,802.7823634951098,120.0088110844149,-3.3945864425150067,5.502219955569641,-0.49966009367482195,0.3998274594144926,6.465109554769778
546,800.9903112932378,122.01473433598196,-2.950507348712695,4.018908847138646,-0.2592528314533352,-0.07988154651294671,4.985691720956772
547,799.2627424605503,123.40891738535959,-2.5206578592409237,2.6221357284246816,-0.08371153300736903,-0.41534530781094503,3.637212094672824
548,798.1886757588678,123.99604562562865,-1.8460381610691614,1.2758031934362588,0.10946507506819794,-0.6525041472644924,2.243998814729136
549,797.4346165921003,123.68637689998349,-1.2081186481026225,-0.018245989991600764,0.24408307791235032,-0.8159307462469116,1.2082564231337989
550,796.7701746514525,123.09178243903702,-0.7492216515565522,-0.9199642506093796,0.2988045801569025,-0.8377841796280345,1.1864515605621686
551,796.0600987517598,122.56005132076146,-0.5065903719172449,-1.3465357403305944,0.28449504467657455,-0.733032233027717,1.4386772761487945
552,843.7865943499328,118.35716282034295,24.27913756119438,-3.348085417167173,6.52591682510088,-1.0561732128587322,24.508900356320503
553,873.0576026307433,120.64183852939657,31.685897483367093,-1.265441134634441,6.75030199446089,-0.2565936990555613,31.711156405777352
554,888.6254013993474,127.501324086191,28.504814075494785,2.682802482194779,4.22038991035639,0.8145427342008968,28.630785085934964
555,897.0794953118062,145.09458647887283,21.43470126521113,10.88640333216262,1.3442575167981468,2.696824677749023,24.040802728681193
556,897.0604149141562,154.52734714087742,11.506290190694866,12.15564212123764,-1.5273318268770666,2.3331627469568774,16.737811963697272
557,900.8111476944072,158.88591758866608,6.416742203146875,9.922019219977862,-2.434767531562989,1.1698239247393831,11.81613498159429
558,896.94269318064,171.08023675381824,-0.6378781751457936,11.95153050460305,-3.611624643661383,1.388819900851239,11.968540845432436
559,892.8816100865146,176.13681672739202,-5.073529056940481,9.473736833465205,-3.8215363380542775,0.4038422764767483,10.74673842062673
560,893.0831410732188,192.40599623177152,-5.234042709223873,13.236834465876722,-2.8889307490357985,1.2595759303711522,14.23407846539429
561,894.5565463485012,200.2712386405177,-3.9697514695685445,11.438838219823449,-1.830942757280921,0.48069277522337595,12.108094257538438
562,896.356200238593,195.80212932222872,-2.3948953869407634,3.692327581762134,-0.9633526586135334,-1.6150975390629707,4.401000668647025
563,897.6997122491701,191.12296319602348,-1.208207465331078,-1.7764348646670007,-0.4156532768189368,-2.5967766323891297,2.148368243036145
564,899.9833687103669,173.77824800002077,0.26105087662236204,-11.6434101220114,0.06450739448890513,-4.448780417358864,11.646336197686498
565,902.0392518114569,158.6739768412615,1.223553572785383,-16.722145447542115,0.2932619008481772,-4.609254557678752,16.76684918862901
566,903.7916581332662,143.75883036600845,1.7115491402696028,-19.23661614241611,0.3428681779632271,-4.075631221819506,19.312607308963276
567,904.5907879675925,137.70405397759606,1.5022176622665901,-15.558165035589994,0.20220133986638578,-2.1003633422975785,15.630520054671267
568,906.0684777462913,130.09477729015757,1.6404139952310344,-13.07369855501479,0.1858967626251912,-0.9324279634406147,13.176211594504153
569,906.6356617529715,126.55119151732855,1.2321683234189076,-8.913216143489631,0.034545459290501956,0.3649353931219135,8.997980928952957
570,902.1345289481789,124.40880735180788,-1.663078125297591,-5.191652901427179,-0.7117870665056623,1.219999718274508,5.451521686624808
571,899.3935516216332,125.11674451437833,-2.742711326104753,-1.2767223880808944,-0.8054918561759795,1.9065039377840725,3.02530750082868
572,898.0291696048745,124.92707024925734,-2.64078421033648,0.6979477708838623,-0.5743367726235764,1.9238685389657202,2.7314597446135314
573,884.6802641359322,126.85428305857386,-8.524369095173334,2.758015503702266,-1.9268098075983129,1.9585637977251118,8.959437370137051
574,877.0095532792238,128.2670548862423,-9.525424878541584,3.532284240164593,-1.6909840695036278,1.656877551017769,10.15926921929201
575,861.0475793418401,130.92704002224312,-14.0649305097682,4.3226729501255505,-2.4166138612084356,1.4361489717788316,14.714203059573274
576,845.2731760294647,134.04699021531107,-16.736877447754313,4.780217636765135,-2.4816571769435862,1.1868602062911295,17.406135336598627
577,838.7541114569437,135.26510328307594,-13.38060681663237,3.8499235977870936,-0.9945087571184061,0.6475382595503181,13.923453253058545
578,833.3701409695284,136.56593962885324,-10.047663587521814,3.033804214071038,0.10786242573495697,0.274687442803082,10.495690142974254
579,810.1884866157279,148.968261719539,-16.65875966105746,8.01157347268208,-1.6037189510091043,1.4727462267819398,18.485117877716075
580,799.3761480931643,155.31102169166695,-14.875324698994033,8.258929598760343,-0.7408784440451055,1.1605914671062207,17.0142646922452
581,776.2794147878963,173.11401808440868,-19.616100742921972,13.986366839386953,-1.7598087204541555,2.3239456055889,24.09169702869366
582,754.6291597751132,195.21192334225677,-21.963974607595315,19.85096449261902,-1.909611900406396,3.225888087736193,29.60535377005843
583,746.1365612629945,205.23576428056958,-16.52376152260085,17.24838775151189,-0.03732416880246525,1.7411502586308387,23.886012117603258
584,734.3873245577136,220.53628141922533,-14.119061548188233,17.553601400566063,0.5847548402493169,1.3753610727915104,22.52724619502975
585,729.2587986275599,226.62443836623348,-9.102784892427593,12.737210461701096,1.7136366767553195,-0.20192020282870238,15.65558121385073
586,730.7127554129269,242.32804316332036,-2.4472489182162267,14.098040417388871,2.972531608788099,0.19617335112180967,14.30887035646213
587,733.7957204288098,248.4183365209384,2.5855860271897653,10.164468342673114,3.49737140676894,-0.8558342423653186,10.488168181012492
588,781.4092796766546,228.28274144788875,28.13281010721265,-5.9105726522445305,9.114330820878838,-4.732761127583296,28.74699764507499
589,845.1013467699237,204.46887647551793,53.0420301469192,-18.559051317641213,13.137906533932561,-6.749203813270153,56.19515413198478
590,895.8375012474745,185.42489476242952,61.6584049789165,-23.83603054610587,11.986095660829175,-6.3741706616274705,66.10533455583571
591,916.5729989708071,176.910983147106,49.741845189180495,-20.78016549135294,5.897154952480022,-3.9719719405101723,53.90794413323898
592,934.7905239413099,168.28982947697665,38.075810935050654,-17.54556968877942,1.4231241089305193,-2.13617742851169,41.923911960425855
593,947.962479258365,161.53563223025498,26.44843864622424,-13.63961042138222,-1.9013474730998055,-0.5970090223394804,29.75834133936511
594,956.334771147978,156.27180822496743,15.822036332481584,-9.817257481840993,-4.123960007160866,0.5287752241128918,18.620294792809545
595,960.9724404669638,152.72578280402678,7.050419186400073,-6.228126075216853,-5.307899959362048,1.3083675744389784,9.407335707454813
596,1003.963059525621,166.47002392715027,21.405396485475592,4.922434441056778,-0.29899649130229466,3.815558852282826,21.964092504060186
597,1037.3743343384624,176.9892107022989,27.299299138272907,10.617444499727256,1.2785770037930853,4.294328543106408,29.291327404979384
598,1072.8769768704626,190.56036648984312,32.43159706828767,15.322691149458485,2.2602703673115454,4.399005447829413,35.86911418562576
599,1087.385528221296,197.02646712552846,24.984687490488447,14.088858327122427,-0.21252782255057356,2.9641013503456928,28.683279762940234
600,1099.148813571414,200.5608710563523,18.090282901239636,10.920622969732129,-1.9146630324675664,1.4019554752038323,21.13098060890512
601,1119.9826937664225,208.18108187801823,18.061162346387878,10.283957605070652,-1.434341656751759,0.8826390567240053,20.7837765895775
602,1135.1736039023046,216.37810396465582,15.529872703823141,9.878505879801168,-1.713777188907259,0.5545119825271503,18.40548354741644
603,1139.5904349039963,219.0689722038915,8.590809286985506,6.6298174344640834,-3.0448618498489437,-0.41431183519164205,10.851565943202868
604,1141.7019126750954,221.29014950787885,3.0205147413450777,4.07494106557818,-3.688188277718158,-0.9595972975125752,5.072342061673123
605,1141.662647372961,222.37067181730606,-1.2870389795573387,1.8341996901939777,-3.845964867358962,-1.2859547746199373,2.2407047637758257
606,1140.1013252355774,222.5510124576612,-4.29302753906791,0.033222765083214756,-3.631990066714544,-1.417151048787499,4.2931560888599485
